Workbook

Sheet README
A1: UCAP – Skills, Domains & Exit Level Outcomes Dashboard Template
A2: Cape Peninsula University of Technology – Department of Emergency Medical Sciences
A4: PURPOSE
A5: This workbook links the UCAP clinical skills/capability list (HPCSA ECP student requirements) to a set of
A6: clinical practice DOMAINS, and links each Domain to the relevant Exit Level Outcomes (ELOs) of the three
A7: DEMS qualifications (Higher Certificate in EMC, Diploma in EMC, BHS in EMC). It is designed so a live
A8: dashboard (Sheet 'Dashboard') can be built on top of student/logbook data using SUMIFS/COUNTIFS by Domain.
A10: HOW TO USE
A11: 1. 'Skills Register' – the master list of skills/capabilities (from UCAP.xlsx), each tagged with a Domain code.
A12: Add a 'Student Count Achieved' column (or link to your source system) to drive live dashboard totals.
A13: 2. 'Domains' – definitions of the 14 clinical domains used to group skills for dashboard reporting.
A14: 3. 'Exit Level Outcomes' – full text of the Exit Level Outcomes for HC-EMC, Diploma-EMC and BHS-EMC.
... A25: Yellow fill = cell to be completed/edited with live data.

Sheet Dashboard
A1: UCAP Skills Dashboard – Summary by Domain
A2: Live totals pull from 'Skills Register'. Fill 'Student Achieved Count' there to update this view.
A4: Domain Code | B4: Domain Name | C4: No. of Skills | D4: Total Target Count | E4: Total Achieved Count | F4: % Domain Achieved | G4: Domain RAG Status
A5: D01 | B5: Patient Assessment & History Taking | C5: =COUNTIF('Skills Register'!$D$4:$D$142,A5) -> 10 | D5: =SUMIF('Skills Register'!$D$4:$D$142,A5,'Skills Register'!$B$4:$B$142) -> 1105 | E5: =SUMIF('Skills Register'!$D$4:$D$142,A5,'Skills Register'!$I$4:$I$142) -> 0 | F5: =IFERROR(E5/D5,0) -> 0 | G5: =IF(F5>=1,"Achieved",IF(F5>=0.5,"In Progress","Not Started")) -> Not Started
A6: D02 | B6: Vital Signs & Diagnostic Monitoring | C6: =COUNTIF('Skills Register'!$D$4:$D$142,A6) -> 23 | D6: =SUMIF('Skills Register'!$D$4:$D$142,A6,'Skills Register'!$B$4:$B$142) -> 1794 | E6: =SUMIF('Skills Register'!$D$4:$D$142,A6,'Skills Register'!$I$4:$I$142) -> 0 | F6: =IFERROR(E6/D6,0) -> 0 | G6: =IF(F6>=1,"Achieved",IF(F6>=0.5,"In Progress","Not Started")) -> Not Started
A7: D03 | B7: Airway Management & Ventilatory Support | C7: =COUNTIF('Skills Register'!$D$4:$D$142,A7) -> 30 | D7: =SUMIF('Skills Register'!$D$4:$D$142,A7,'Skills Register'!$B$4:$B$142) -> 299 | E7: =SUMIF('Skills Register'!$D$4:$D$142,A7,'Skills Register'!$I$4:$I$142) -> 0 | F7: =IFERROR(E7/D7,0) -> 0 | G7: =IF(F7>=1,"Achieved",IF(F7>=0.5,"In Progress","Not Started")) -> Not Started
A8: D04 | B8: Oxygen Therapy | C8: =COUNTIF('Skills Register'!$D$4:$D$142,A8) -> 5 | D8: =SUMIF('Skills Register'!$D$4:$D$142,A8,'Skills Register'!$B$4:$B$142) -> 93 | E8: =SUMIF('Skills Register'!$D$4:$D$142,A8,'Skills Register'!$I$4:$I$142) -> 0 | F8: =IFERROR(E8/D8,0) -> 0 | G8: =IF(F8>=1,"Achieved",IF(F8>=0.5,"In Progress","Not Started")) -> Not Started
A9: D05 | B9: Circulatory Access & Fluid/Infusion Therapy | C9: =COUNTIF('Skills Register'!$D$4:$D$142,A9) -> 13 | D9: =SUMIF('Skills Register'!$D$4:$D$142,A9,'Skills Register'!$B$4:$B$142) -> 169 | E9: =SUMIF('Skills Register'!$D$4:$D$142,A9,'Skills Register'!$I$4:$I$142) -> 0 | F9: =IFERROR(E9/D9,0) -> 0 | G9: =IF(F9>=1,"Achieved",IF(F9>=0.5,"In Progress","Not Started")) -> Not Started
A10: D06 | B10: Medication Administration | C10: =COUNTIF('Skills Register'!$D$4:$D$142,A10) -> 8 | D10: =SUMIF('Skills Register'!$D$4:$D$142,A10,'Skills Register'!$B$4:$B$142) -> 140 | E10: =SUMIF('Skills Register'!$D$4:$D$142,A10,'Skills Register'!$I$4:$I$142) -> 0 | F10: =IFERROR(E10/D10,0) -> 0 | G10: =IF(F10>=1,"Achieved",IF(F10>=0.5,"In Progress","Not Started")) -> Not Started
A11: D07 | B11: Cardiac Care & Resuscitation | C11: =COUNTIF('Skills Register'!$D$4:$D$142,A11) -> 11 | D11: =SUMIF('Skills Register'!$D$4:$D$142,A11,'Skills Register'!$B$4:$B$142) -> 7 | E11: =SUMIF('Skills Register'!$D$4:$D$142,A11,'Skills Register'!$I$4:$I$142) -> 0 | F11: =IFERROR(E11/D11,0) -> 0 | G11: =IF(F11>=1,"Achieved",IF(F11>=0.5,"In Progress","Not Started")) -> Not Started
A12: D08 | B12: Trauma Care, Immobilisation & Extrication | C12: =COUNTIF('Skills Register'!$D$4:$D$142,A12) -> 6 | D12: =SUMIF('Skills Register'!$D$4:$D$142,A12,'Skills Register'!$B$4:$B$142) -> 36 | E12: =SUMIF('Skills Register'!$D$4:$D$142,A12,'Skills Register'!$I$4:$I$142) -> 0 | F12: =IFERROR(E12/D12,0) -> 0 | G12: =IF(F12>=1,"Achieved",IF(F12>=0.5,"In Progress","Not Started")) -> Not Started
A13: D09 | B13: Haemorrhage & Wound Care | C13: =COUNTIF('Skills Register'!$D$4:$D$142,A13) -> 6 | D13: =SUMIF('Skills Register'!$D$4:$D$142,A13,'Skills Register'!$B$4:$B$142) -> 56 | E13: =SUMIF('Skills Register'!$D$4:$D$142,A13,'Skills Register'!$I$4:$I$142) -> 0 | F13: =IFERROR(E13/D13,0) -> 0 | G13: =IF(F13>=1,"Achieved",IF(F13>=0.5,"In Progress","Not Started")) -> Not Started
A14: D10 | B14: Obstetric & Neonatal Care | C14: =COUNTIF('Skills Register'!$D$4:$D$142,A14) -> 8 | D14: =SUMIF('Skills Register'!$D$4:$D$142,A14,'Skills Register'!$B$4:$B$142) -> 33 | E14: =SUMIF('Skills Register'!$D$4:$D$142,A14,'Skills Register'!$I$4:$I$142) -> 0 | F14: =IFERROR(E14/D14,0) -> 0 | G14: =IF(F14>=1,"Achieved",IF(F14>=0.5,"In Progress","Not Started")) -> Not Started
A15: D11 | B15: Paediatric-Specific Care | C15: =COUNTIF('Skills Register'!$D$4:$D$142,A15) -> 2 | D15: =SUMIF('Skills Register'!$D$4:$D$142,A15,'Skills Register'!$B$4:$B$142) -> 41 | E15: =SUMIF('Skills Register'!$D$4:$D$142,A15,'Skills Register'!$I$4:$I$142) -> 0 | F15: =IFERROR(E15/D15,0) -> 0 | G15: =IF(F15>=1,"Achieved",IF(F15>=0.5,"In Progress","Not Started")) -> Not Started
A16: D12 | B16: Comprehensive Systems Assessment & Special Diagnostics | C16: =COUNTIF('Skills Register'!$D$4:$D$142,A16) -> 9 | D16: =SUMIF('Skills Register'!$D$4:$D$142,A16,'Skills Register'!$B$4:$B$142) -> 335 | E16: =SUMIF('Skills Register'!$D$4:$D$142,A16,'Skills Register'!$I$4:$I$142) -> 0 | F16: =IFERROR(E16/D16,0) -> 0 | G16: =IF(F16>=1,"Achieved",IF(F16>=0.5,"In Progress","Not Started")) -> Not Started
... A18: D14 | B18: Professional Practice & End-of-Life Care | C18: =COUNTIF('Skills Register'!$D$4:$D$142,A18) -> 3 | D18: =SUMIF('Skills Register'!$D$4:$D$142,A18,'Skills Register'!$B$4:$B$142) -> 465 | E18: =SUMIF('Skills Register'!$D$4:$D$142,A18,'Skills Register'!$I$4:$I$142) -> 0 | F18: =IFERROR(E18/D18,0) -> 0 | G18: =IF(F18>=1,"Achieved",IF(F18>=0.5,"In Progress","Not Started")) -> Not Started
B19: OVERALL TOTAL | C19: =SUM(C5:C18) -> 139 | D19: =SUM(D5:D18) -> 4668 | E19: =SUM(E5:E18) -> 0 | F19: =IFERROR(E19/D19,0) -> 0

Sheet Domains
A1: UCAP Clinical Practice Domains
A3: Domain Code | B3: Domain Name | C3: Domain Description | D3: No. of Skills Mapped
A4: D01 | B4: Patient Assessment & History Taking | C4: Foundational patient assessment, history-taking, GCS and primary/secondary survey skills. | D4: =COUNTIF('Skills Register'!D:D,A4) -> 10
A5: D02 | B5: Vital Signs & Diagnostic Monitoring | C5: Measurement and monitoring of vital signs (BP, pulse, respirations, SpO2, temp, ECG, glucose). | D5: =COUNTIF('Skills Register'!D:D,A5) -> 23
A6: D03 | B6: Airway Management & Ventilatory Support | C6: Airway assessment, intubation, ventilation, suctioning and RSI-related skills. | D6: =COUNTIF('Skills Register'!D:D,A6) -> 30
A7: D04 | B7: Oxygen Therapy | C7: Administration of supplemental oxygen via various delivery devices. | D7: =COUNTIF('Skills Register'!D:D,A7) -> 5
A8: D05 | B8: Circulatory Access & Fluid/Infusion Therapy | C8: IV/IO access, infusion devices, ABG sampling and haemodynamic monitoring. | D8: =COUNTIF('Skills Register'!D:D,A8) -> 13
A9: D06 | B9: Medication Administration | C9: Administration of medication via all routes within scope of practice. | D9: =COUNTIF('Skills Register'!D:D,A9) -> 8
A10: D07 | B10: Cardiac Care & Resuscitation | C10: CPR, defibrillation, pacing, cardioversion and related cardiac interventions. | D10: =COUNTIF('Skills Register'!D:D,A10) -> 11
A11: D08 | B11: Trauma Care, Immobilisation & Extrication | C11: Spinal motion restriction, splinting, extrication and rescue-related trauma skills. | D11: =COUNTIF('Skills Register'!D:D,A11) -> 6
A12: D09 | B12: Haemorrhage & Wound Care | C12: Wound dressing, haemorrhage control and suturing. | D12: =COUNTIF('Skills Register'!D:D,A12) -> 6
A13: D10 | B13: Obstetric & Neonatal Care | C13: Antenatal, intrapartum, postnatal and neonatal care skills. | D13: =COUNTIF('Skills Register'!D:D,A13) -> 8
A14: D11 | B14: Paediatric-Specific Care | C14: Paediatric-specific assessment and intervention skills (cross-cutting with other domains). | D14: =COUNTIF('Skills Register'!D:D,A14) -> 2
A15: D12 | B15: Comprehensive Systems Assessment & Special Diagnostics | C15: Focused systems examinations and special diagnostic techniques (fundoscopy, otoscopy, X-ray interpretation). | D15: =COUNTIF('Skills Register'!D:D,A15) -> 9
... A17: D14 | B17: Professional Practice & End-of-Life Care | C17: Documentation, discharge decisions and end-of-life care communication. | D17: =COUNTIF('Skills Register'!D:D,A17) -> 3
B18: TOTAL SKILLS | D18: =SUM(D4:D17) -> 139

Sheet Exit Level Outcomes
A1: Exit Level Outcomes – DEMS Qualifications
A3: ELO Code | B3: Qualification | C3: Exit Level Outcome
A4: HC-ELO1 | B4: Higher Certificate in Emergency Medical Care | C4: Demonstrate effective communication and apply the principles of medical ethics, professional behaviour and the legal framework, while maintaining personal health, physical preparedness, wellness and safety.
A5: HC-ELO2 | B5: Higher Certificate in Emergency Medical Care | C5: Demonstrate understanding of the structure and function of EMS systems in South Africa and their relation to broader health care structures.
A6: HC-ELO3 | B6: Higher Certificate in Emergency Medical Care | C6: Demonstrate knowledge and understanding of human and basic sciences underpinning emergency care.
A7: HC-ELO4 | B7: Higher Certificate in Emergency Medical Care | C7: Provide emergency medical care within an EMS environment to all sectors of the community within the Emergency Care Assistant's scope of capabilities.
A8: DIP-ELO1 | B8: Diploma in Emergency Medical Care | C8: Articulate an understanding of the South African Health Care system, including the role and placement of the emergency services within the broader health sector.
A9: DIP-ELO2 | B9: Diploma in Emergency Medical Care | C9: Perform appropriate clinical assessments and diagnostic skills.
A10: DIP-ELO3 | B10: Diploma in Emergency Medical Care | C10: Integrate and apply knowledge and understanding of pathology to make informed decisions and clinical judgments regarding treatment.
A11: DIP-ELO4 | B11: Diploma in Emergency Medical Care | C11: Perform clinical procedures, skills and treatment interventions within the Paramedic list of capabilities.
A12: DIP-ELO5 | B12: Diploma in Emergency Medical Care | C12: Apply the principles of occupational and personal health and wellness, including identification and management of stress and burnout in oneself and others.
A13: DIP-ELO6 | B13: Diploma in Emergency Medical Care | C13: Apply knowledge and understanding of human anatomy relevant to Paramedics.
A14: DIP-ELO7 | B14: Diploma in Emergency Medical Care | C14: Apply an understanding of physiology and bioprocesses relevant to Paramedics.
... A26: BHS-ELO4.7 | B26: Bachelor of Health Sciences in Emergency Medical Care | C26: Apply research principles and practices to facilitate professional development and lifelong learning.

Sheet Domain-to-ELO Mapping
A1: Domain-to-Exit Level Outcome Mapping
A3: Domain Code | B3: Domain Name | C3: Mapped ELOs – HC | D3: Mapped ELOs – Diploma | E3: Mapped ELOs – BHS (Degree)
A4: D01 | B4: Patient Assessment & History Taking | C4: HC-ELO4 | D4: DIP-ELO2, DIP-ELO3 | E4: BHS-ELO4.2, BHS-ELO4.5
A5: D02 | B5: Vital Signs & Diagnostic Monitoring | C5: HC-ELO4 | D5: DIP-ELO2 | E5: BHS-ELO4.5
A6: D03 | B6: Airway Management & Ventilatory Support | C6: HC-ELO4 | D6: DIP-ELO4, DIP-ELO7 | E6: BHS-ELO4.5
A7: D04 | B7: Oxygen Therapy | C7: HC-ELO4 | D7: DIP-ELO4 | E7: BHS-ELO4.5
A8: D05 | B8: Circulatory Access & Fluid/Infusion Therapy | C8: HC-ELO4 | D8: DIP-ELO4 | E8: BHS-ELO4.5
A9: D06 | B9: Medication Administration | C9: HC-ELO3 | D9: DIP-ELO4, DIP-ELO8 | E9: BHS-ELO4.2, BHS-ELO4.5
A10: D07 | B10: Cardiac Care & Resuscitation | C10: HC-ELO4 | D10: DIP-ELO4 | E10: BHS-ELO4.5
A11: D08 | B11: Trauma Care, Immobilisation & Extrication | C11: HC-ELO1 | D11: DIP-ELO4, DIP-ELO11 | E11: BHS-ELO4.5, BHS-ELO4.6
A12: D09 | B12: Haemorrhage & Wound Care | C12: HC-ELO4 | D12: DIP-ELO4 | E12: BHS-ELO4.5
A13: D10 | B13: Obstetric & Neonatal Care | C13: — | D13: DIP-ELO4 | E13: BHS-ELO4.5
A14: D11 | B14: Paediatric-Specific Care | C14: — | D14: DIP-ELO4 | E14: BHS-ELO4.5
... A17: D14 | B17: Professional Practice & End-of-Life Care | C17: HC-ELO1 | D17: DIP-ELO1, DIP-ELO12 | E17: BHS-ELO4.3, BHS-ELO4.7

Sheet Skills Register
A1: UCAP Skills Register (HPCSA ECP Student Requirements)
A3: Skill / Capability Description | B3: HPCSA ECP Requirement (Target Count) | C3: What/How/Where Must Be Counted | D3: Domain Code | E3: Domain Name | F3: Mapped ELOs (HC) | G3: Mapped ELOs (Diploma) | H3: Mapped ELOs (BHS) | I3: Student Achieved Count | J3: % of Target Achieved | K3: RAG Status
A4: Total number of patients seen | B4: 450 | C4: Patient encounter | D4: D14 | E4: Professional Practice & End-of-Life Care | F4: HC-ELO1 | G4: DIP-ELO1, DIP-ELO12 | H4: BHS-ELO4.3, BHS-ELO4.7 | I4: 0 | J4: =IFERROR(I4/B4,0) -> 0 | K4: =IF(B4=0,"N/A",IF(J4>=1,"Achieved",IF(J4>=0.5,"In Progress","Not Started"))) -> Not Started
A5: History-Taking (Registration Category Specific)- GENDERS | B5: 330 | C5: History and Complaints - must click performed history | D5: D01 | E5: Patient Assessment & History Taking | F5: HC-ELO4 | G5: DIP-ELO2, DIP-ELO3 | H5: BHS-ELO4.2, BHS-ELO4.5 | I5: 0 | J5: =IFERROR(I5/B5,0) -> 0 | K5: =IF(B5=0,"N/A",IF(J5>=1,"Achieved",IF(J5>=0.5,"In Progress","Not Started"))) -> Not Started
A6: General Physical Assessment: Medical | B6: 235 | C6: Clinical Assessment -all fields , including primary and secondary assessment | D6: D01 | E6: Patient Assessment & History Taking | F6: HC-ELO4 | G6: DIP-ELO2, DIP-ELO3 | H6: BHS-ELO4.2, BHS-ELO4.5 | I6: 0 | J6: =IFERROR(I6/B6,0) -> 0 | K6: =IF(B6=0,"N/A",IF(J6>=1,"Achieved",IF(J6>=0.5,"In Progress","Not Started"))) -> Not Started
A7: General Physical Assessment: Trauma | B7: 125 | C7: Clinical Assessment -all fields , including primary and secondary assessment | D7: D01 | E7: Patient Assessment & History Taking | F7: HC-ELO4 | G7: DIP-ELO2, DIP-ELO3 | H7: BHS-ELO4.2, BHS-ELO4.5 | I7: 0 | J7: =IFERROR(I7/B7,0) -> 0 | K7: =IF(B7=0,"N/A",IF(J7>=1,"Achieved",IF(J7>=0.5,"In Progress","Not Started"))) -> Not Started
A8: Glasgow Coma Scale (GCS) Score | B8: 285 | C8: Clinical Assessment -all fields , including primary and secondary assessment | D8: D01 | E8: Patient Assessment & History Taking | F8: HC-ELO4 | G8: DIP-ELO2, DIP-ELO3 | H8: BHS-ELO4.2, BHS-ELO4.5 | I8: 0 | J8: =IFERROR(I8/B8,0) -> 0 | K8: =IF(B8=0,"N/A",IF(J8>=1,"Achieved",IF(J8>=0.5,"In Progress","Not Started"))) -> Not Started
A9: Blood Pressure Measurement: Non Inasive Blood Pressure (NIBP) | B9: 170 | C9: Vitals ansd intervention section | D9: D02 | E9: Vital Signs & Diagnostic Monitoring | F9: HC-ELO4 | G9: DIP-ELO2 | H9: BHS-ELO4.5 | I9: 0 | J9: =IFERROR(I9/B9,0) -> 0 | K9: =IF(B9=0,"N/A",IF(J9>=1,"Achieved",IF(J9>=0.5,"In Progress","Not Started"))) -> Not Started
A10: Blood Pressure measurement: Manual Sphygmomanometer | B10: 220 | C10: Vitals ansd intervention section | D10: D02 | E10: Vital Signs & Diagnostic Monitoring | F10: HC-ELO4 | G10: DIP-ELO2 | H10: BHS-ELO4.5 | I10: 0 | J10: =IFERROR(I10/B10,0) -> 0 | K10: =IF(B10=0,"N/A",IF(J10>=1,"Achieved",IF(J10>=0.5,"In Progress","Not Started"))) -> Not Started
A11: Use of a Electrocardiogram (ECG): 3/5-Lead | B11: 100 | C11: Vitals ansd intervention section | D11: D02 | E11: Vital Signs & Diagnostic Monitoring | F11: HC-ELO4 | G11: DIP-ELO2 | H11: BHS-ELO4.5 | I11: 0 | J11: =IFERROR(I11/B11,0) -> 0 | K11: =IF(B11=0,"N/A",IF(J11>=1,"Achieved",IF(J11>=0.5,"In Progress","Not Started"))) -> Not Started
A12: Use of a ECG Monitor: 12/15-Lead | B12: 50 | C12: Vitals ansd intervention section | D12: D02 | E12: Vital Signs & Diagnostic Monitoring | F12: HC-ELO4 | G12: DIP-ELO2 | H12: BHS-ELO4.5 | I12: 0 | J12: =IFERROR(I12/B12,0) -> 0 | K12: =IF(B12=0,"N/A",IF(J12>=1,"Achieved",IF(J12>=0.5,"In Progress","Not Started"))) -> Not Started
A13: Pulse (with characteristics) Measurement | B13: 300 | C13: Vitals ansd intervention section | D13: D02 | E13: Vital Signs & Diagnostic Monitoring | F13: HC-ELO4 | G13: DIP-ELO2 | H13: BHS-ELO4.5 | I13: 0 | J13: =IFERROR(I13/B13,0) -> 0 | K13: =IF(B13=0,"N/A",IF(J13>=1,"Achieved",IF(J13>=0.5,"In Progress","Not Started"))) -> Not Started
A14: Respirations (with characteristics) Measurement | B14: 300 | C14: Vitals ansd intervention section | D14: D02 | E14: Vital Signs & Diagnostic Monitoring | F14: HC-ELO4 | G14: DIP-ELO2 | H14: BHS-ELO4.5 | I14: 0 | J14: =IFERROR(I14/B14,0) -> 0 | K14: =IF(B14=0,"N/A",IF(J14>=1,"Achieved",IF(J14>=0.5,"In Progress","Not Started"))) -> Not Started
A15: Use of a Pulse Oximeter | B15: 200 | C15: Vitals ansd intervention section | D15: D02 | E15: Vital Signs & Diagnostic Monitoring | F15: HC-ELO4 | G15: DIP-ELO2 | H15: BHS-ELO4.5 | I15: 0 | J15: =IFERROR(I15/B15,0) -> 0 | K15: =IF(B15=0,"N/A",IF(J15>=1,"Achieved",IF(J15>=0.5,"In Progress","Not Started"))) -> Not Started
... A22: Out-of-Hospital Rapid Sequence Intubation (RSI): Medication Administration | B22: 2 | C22: Vitals ansd intervention section - Add Airway Procedure | D22: D03 | E22: Airway Management & Ventilatory Support | F22: HC-ELO4 | G22: DIP-ELO4, DIP-ELO7 | H22: BHS-ELO4.5 | I22: 0 | J22: =IFERROR(I22/B22,0) -> 0 | K22: =IF(B22=0,"N/A",IF(J22>=1,"Achieved",IF(J22>=0.5,"In Progress","Not Started"))) -> Not Started
A23: Out-of-Hospital RSI : Clinical Decision Making | B23: 3 | D23: D03 | E23: Airway Management & Ventilatory Support | F23: HC-ELO4 | G23: DIP-ELO4, DIP-ELO7 | H23: BHS-ELO4.5 | I23: 0 | J23: =IFERROR(I23/B23,0) -> 0 | K23: =IF(B23=0,"N/A",IF(J23>=1,"Achieved",IF(J23>=0.5,"In Progress","Not Started"))) -> Not Started
A24: Out-of-Hospital RSI: Management & Control | B24: 2 | D24: D03 | E24: Airway Management & Ventilatory Support | F24: HC-ELO4 | G24: DIP-ELO4, DIP-ELO7 | H24: BHS-ELO4.5 | I24: 0 | J24: =IFERROR(I24/B24,0) -> 0 | K24: =IF(B24=0,"N/A",IF(J24>=1,"Achieved",IF(J24>=0.5,"In Progress","Not Started"))) -> Not Started
A25: RSI: Medication Administration | B25: 10 | D25: D03 | E25: Airway Management & Ventilatory Support | F25: HC-ELO4 | G25: DIP-ELO4, DIP-ELO7 | H25: BHS-ELO4.5 | I25: 0 | J25: =IFERROR(I25/B25,0) -> 0 | K25: =IF(B25=0,"N/A",IF(J25>=1,"Achieved",IF(J25>=0.5,"In Progress","Not Started"))) -> Not Started
A26: RSI: Clinical Decision Making | B26: 10 | D26: D03 | E26: Airway Management & Ventilatory Support | F26: HC-ELO4 | G26: DIP-ELO4, DIP-ELO7 | H26: BHS-ELO4.5 | I26: 0 | J26: =IFERROR(I26/B26,0) -> 0 | K26: =IF(B26=0,"N/A",IF(J26>=1,"Achieved",IF(J26>=0.5,"In Progress","Not Started"))) -> Not Started
A27: RSI: Management & Control | B27: 10 | D27: D03 | E27: Airway Management & Ventilatory Support | F27: HC-ELO4 | G27: DIP-ELO4, DIP-ELO7 | H27: BHS-ELO4.5 | I27: 0 | J27: =IFERROR(I27/B27,0) -> 0 | K27: =IF(B27=0,"N/A",IF(J27>=1,"Achieved",IF(J27>=0.5,"In Progress","Not Started"))) -> Not Started
A28: Oral Endotracheal Intubation - Routine | B28: 30 | D28: D03 | E28: Airway Management & Ventilatory Support | F28: HC-ELO4 | G28: DIP-ELO4, DIP-ELO7 | H28: BHS-ELO4.5 | I28: 0 | J28: =IFERROR(I28/B28,0) -> 0 | K28: =IF(B28=0,"N/A",IF(J28>=1,"Achieved",IF(J28>=0.5,"In Progress","Not Started"))) -> Not Started
A29: Nasal Intubation - Routine | B29: 0 | D29: D03 | E29: Airway Management & Ventilatory Support | F29: HC-ELO4 | G29: DIP-ELO4, DIP-ELO7 | H29: BHS-ELO4.5 | I29: 0 | J29: =IFERROR(I29/B29,0) -> 0 | K29: =IF(B29=0,"N/A",IF(J29>=1,"Achieved",IF(J29>=0.5,"In Progress","Not Started"))) -> N/A
A30: Video-Assisted Laryngoscopy | B30: 0 | D30: D03 | E30: Airway Management & Ventilatory Support | F30: HC-ELO4 | G30: DIP-ELO4, DIP-ELO7 | H30: BHS-ELO4.5 | I30: 0 | J30: =IFERROR(I30/B30,0) -> 0 | K30: =IF(B30=0,"N/A",IF(J30>=1,"Achieved",IF(J30>=0.5,"In Progress","Not Started"))) -> N/A
A31: Bag-valve-mask Ventilation (or equivalent) | B31: 35 | D31: D03 | E31: Airway Management & Ventilatory Support | F31: HC-ELO4 | G31: DIP-ELO4, DIP-ELO7 | H31: BHS-ELO4.5 | I31: 0 | J31: =IFERROR(I31/B31,0) -> 0 | K31: =IF(B31=0,"N/A",IF(J31>=1,"Achieved",IF(J31>=0.5,"In Progress","Not Started"))) -> Not Started
A32: Bag-valve-tube Ventilation (or equivalent) | B32: 35 | D32: D03 | E32: Airway Management & Ventilatory Support | F32: HC-ELO4 | G32: DIP-ELO4, DIP-ELO7 | H32: BHS-ELO4.5 | I32: 0 | J32: =IFERROR(I32/B32,0) -> 0 | K32: =IF(B32=0,"N/A",IF(J32>=1,"Achieved",IF(J32>=0.5,"In Progress","Not Started"))) -> Not Started
A33: Use of a Bougie or equivalent | B33: 0 | D33: D03 | E33: Airway Management & Ventilatory Support | F33: HC-ELO4 | G33: DIP-ELO4, DIP-ELO7 | H33: BHS-ELO4.5 | I33: 0 | J33: =IFERROR(I33/B33,0) -> 0 | K33: =IF(B33=0,"N/A",IF(J33>=1,"Achieved",IF(J33>=0.5,"In Progress","Not Started"))) -> N/A
A34: Use of Supraglottic/Extraglottic Device | B34: 10 | D34: D03 | E34: Airway Management & Ventilatory Support | F34: HC-ELO4 | G34: DIP-ELO4, DIP-ELO7 | H34: BHS-ELO4.5 | I34: 0 | J34: =IFERROR(I34/B34,0) -> 0 | K34: =IF(B34=0,"N/A",IF(J34>=1,"Achieved",IF(J34>=0.5,"In Progress","Not Started"))) -> Not Started
... A142: Setup and Monitoring of an Incubator | B142: 2 | D142: D10 | E142: Obstetric & Neonatal Care | F142: — | G142: DIP-ELO4 | H142: BHS-ELO4.5 | I142: 0 | J142: =IFERROR(I142/B142,0) -> 0 | K142: =IF(B142=0,"N/A",IF(J142>=1,"Achieved",IF(J142>=0.5,"In Progress","Not Started"))) -> Not Started

Sheet Lists
A1: Domain Code | B1: Domain Name | D1: Qualification Code
A2: D01 | B2: Patient Assessment & History Taking | D2: HC
A3: D02 | B3: Vital Signs & Diagnostic Monitoring | D3: DIP
A4: D03 | B4: Airway Management & Ventilatory Support | D4: BHS
A5: D04 | B5: Oxygen Therapy
A6: D05 | B6: Circulatory Access & Fluid/Infusion Therapy
A7: D06 | B7: Medication Administration
A8: D07 | B8: Cardiac Care & Resuscitation
A9: D08 | B9: Trauma Care, Immobilisation & Extrication
A10: D09 | B10: Haemorrhage & Wound Care
A11: D10 | B11: Obstetric & Neonatal Care
A12: D11 | B12: Paediatric-Specific Care
A13: D12 | B13: Comprehensive Systems Assessment & Special Diagnostics
A14: D13 | B14: Patient Handling, Equipment & Logistics
A15: D14 | B15: Professional Practice & End-of-Life Care
